<?xml version="1.0" encoding="UTF-8" standalone="yes"?>
<addon id="metadata.scraper.moviesetartwork" name="Movie Set Artwork Scraper" version="0.0.5" provider-name="lsellens">
  <requires>
    <import addon="xbmc.python" version="3.0.0"/>
    <import addon="xbmc.json" version="7.0.0"/>
  </requires>
  <extension point="xbmc.python.script" library="default.py">
    <provides>executable</provides>
  </extension>
  <extension point="xbmc.addon.metadata">
    <summary lang="en">Movie Set Artwork Scraper</summary>
    <description lang="en">This addon will scrape set artwork from TheMovieDB.org.</description>
    <disclaimer lang="en">This product uses the TMDb API but is not endorsed or certified by TMDb.</disclaimer>
    <language>en</language>
    <platform>all</platform>
    <license>GNU GENERAL PUBLIC LICENSE Version 3, 29 June 2007</license>
    <source>https://github.com/lsellens/metadata.scraper.moviesetartwork</source>
    <news>0.0.5 - python 3 compatibility</news>
    <assets>
      <icon>resources/icon.png</icon>
    </assets>
  </extension>
</addon>
