<?xml version="1.0" encoding="UTF-8" standalone="yes"?>
<addon id="repository.lsellens" name="lsellens kodi addon repository" version="1.0.9" provider-name="lsellens">
  <extension point="xbmc.addon.repository" name="lsellens kodi addon repository">
    <dir>
      <info compressed="false">https://raw.githubusercontent.com/lsellens/repository.lsellens/master/addons.xml</info>
      <checksum>https://raw.githubusercontent.com/lsellens/repository.lsellens/master/addons.xml.md5</checksum>
      <datadir zip="true">https://raw.githubusercontent.com/lsellens/repository.lsellens/master/</datadir>
      <hashes>false</hashes>
    </dir>
    <dir maxversion="18.9">
      <info compressed="false">https://raw.githubusercontent.com/lsellens/repository.lsellens/master/leia/addons.xml</info>
      <checksum>https://raw.githubusercontent.com/lsellens/repository.lsellens/master/leia/addons.xml.md5</checksum>
      <datadir zip="true">https://raw.githubusercontent.com/lsellens/repository.lsellens/master/leia/</datadir>
      <hashes>false</hashes>
    </dir>
    <dir minversion="19.0">
      <info compressed="false">https://raw.githubusercontent.com/lsellens/repository.lsellens/master/matrix/addons.xml</info>
      <checksum>https://raw.githubusercontent.com/lsellens/repository.lsellens/master/matrix/addons.xml.md5</checksum>
      <datadir zip="true">https://raw.githubusercontent.com/lsellens/repository.lsellens/master/matrix/</datadir>
      <hashes>false</hashes>
    </dir>
  </extension>
  <extension point="xbmc.addon.metadata">
    <summary lang="en">Repository for Kodi addons by lsellens</summary>
    <description lang="en">Repository for various addons by lsellens</description>
    <platform>all</platform>
    <assets>
      <icon>resources/icon.png</icon>
    </assets>
  </extension>
</addon>
