<?xml version="1.0" encoding="UTF-8" standalone="yes"?>
<addon id="service.downloadmanager.transmission" name="transmission" version="8.0.5" provider-name="lsellens">
  <requires>
    <import addon="xbmc.python" version="2.1.0"/>
  </requires>
  <extension point="xbmc.service" library="default.py">
  </extension>
  <extension point="xbmc.addon.metadata">
    <summary lang="en">transmission: a fast, easy and free BitTorrent client</summary>
    <description lang="en">transmission is a fast, easy and free BitTorrent client</description>
    <platform>linux</platform>
    <news>8.0.5 - Transmission 4.0.5</news>
    <assets>
      <icon>resources/icon.png</icon>
    </assets>
  </extension>
</addon>
