<?xml version="1.0" encoding="UTF-8" standalone="yes"?>
<addon id="repository.lsellens"
       name="lsellens openelec addon repository"
       version="1.0.6"
       provider-name="lsellens">
  <extension point="xbmc.addon.repository"
             name="lsellens openelec addon repository">
    <info compressed="false">http://lsellens.openelec.tv/addons/repo/addons.xml</info>
    <checksum>http://lsellens.openelec.tv/addons/repo/addons.xml.md5</checksum>
    <datadir zip="true">http://lsellens.openelec.tv/addons/repo</datadir>
  </extension>
  <extension point="xbmc.addon.metadata">
    <summary lang="en">Repository for Kodi addons by lsellens</summary>
    <description lang="en">Repository for AUDO and various other addons by lsellens</description>
    <platform>all</platform>
    <assets>
      <icon>resources/icon.png</icon>
    </assets>
  </extension>
</addon>
